benchmark_id,alg,benchmark,best_total_cost,avg_time_sec,best_parts,best_machines
20,SimulatedAnnealingAlgorithm,20x20.txt,0.3777778,6.3522193,2 1 1 0 0 2 1 1 2 1 0 2 0 0 0 0 0 0 2 2,2 1 0 2 1 1 2 2 2 0 0 0 0 0 1 0 0 1 1 1
24,SimulatedAnnealingAlgorithm,24x40.txt,0.3796296,28.0991674,0 1 2 3 3 2 0 1 4 2 1 2 4 4 2 5 0 3 0 0 1 4 2 3 1 3 3 1 0 3 0 1 4 5 2 5 5 3 5 4,0 4 2 1 2 3 1 3 4 3 2 3 2 1 3 5 0 3 4 1 4 0 1 1
30,SimulatedAnnealingAlgorithm,30x50.txt,0.3333333,32.5569402,0 5 5 0 2 2 2 1 1 3 1 5 4 3 4 0 3 3 5 3 4 4 1 1 1 2 2 2 0 2 3 3 0 4 3 0 5 5 3 1 4 0 4 1 0 4 0 5 4 2,4 5 0 4 5 5 2 0 4 5 1 1 1 3 3 3 2 2 2 2 3 4 4 4 0 3 4 3 1 3
30,SimulatedAnnealingAlgorithm,30x90.txt,0.3435583,76.6451461,0 1 1 8 1 1 1 2 3 4 4 4 0 5 2 0 6 7 1 7 2 2 8 5 0 9 9 4 0 7 0 5 7 9 6 4 5 8 9 2 4 1 0 3 1 1 5 6 4 9 2 8 5 0 6 8 9 5 3 9 4 9 6 8 3 5 3 2 8 3 3 0 2 7 9 2 6 6 6 8 7 8 7 4 7 7 3 3 3 6,10 10 3 8 10 10 10 10 10 10 2 10 10 3 10 10 2 10 2 6 2 7 10 2 4 1 4 0 5 10
37,SimulatedAnnealingAlgorithm,37x53.txt,0.5073021,10.0791128,0 0 1 0 0 1 0 0 1 0 0 0 0 1 0 1 0 1 0 0 0 0 0 0 0 1 1 1 1 1 1 1 1 1 1 1 1 1 1 1 0 0 0 0 0 1 0 0 1 1 1 1 1,1 0 1 1 0 1 1 0 1 1 1 1 0 1 0 1 1 0 0 0 1 1 0 1 1 1 1 1 1 1 0 1 0 0 0 0 0
